{
    "rmse": 0.6980769240970176,
    "mae": 0.5425459947469453,
    "r2": 0.3570877773584178
}