{
    "rmse": 0.7187311506000568,
    "mae": 0.5540019967767459,
    "r2": 0.29221224838483384
}