{
    "rmse": 0.647243306034661,
    "mae": 0.5127003348446735,
    "r2": 0.3132324762234403
}